id	symbol	name	default_class_symbol	default_class_id	portrait_id	affinity	base_level	baseHP	basePow	baseSkl	baseSpd	baseDef	baseRes	baseLck	baseCon	growthHP	growthPow	growthSkl	growthSpd	growthDef	growthRes	growthLck	attributes	visit_group
1	CHARACTER_EIRIKA	Eirika	CLASS_EIRIKA_LORD	2	2	UNIT_AFFIN_LIGHT	1	0	0	0	0	0	0	5	0	70	40	60	60	30	30	60	CA_FEMALE	7
2	CHARACTER_SETH	Seth	CLASS_PALADIN	7	4	UNIT_AFFIN_ANIMA	1	7	7	9	5	3	5	13	0	90	50	45	45	40	30	25		3
3	CHARACTER_GILLIAM	Gilliam	CLASS_ARMOR_KNIGHT	9	5	UNIT_AFFIN_THUNDER	4	8	4	4	3	0	3	3	1	90	45	35	30	55	20	30		4
4	CHARACTER_FRANZ	Franz	CLASS_CAVALIER	5	6	UNIT_AFFIN_LIGHT	1	0	2	3	2	0	1	2	0	80	40	40	50	25	20	40		3
5	CHARACTER_MOULDER	Moulder	CLASS_PRIEST	69	7	UNIT_AFFIN_ANIMA	3	2	3	5	7	1	0	1	4	70	40	50	40	25	25	20		4
6	CHARACTER_VANESSA	Vanessa	CLASS_PEGASUS_KNIGHT	72	8	UNIT_AFFIN_ANIMA	1	3	1	2	6	3	3	4	0	50	35	55	60	20	30	50	CA_FEMALE | CA_TRIANGLEATTACK_PEGASI	10
7	CHARACTER_ROSS	Ross	CLASS_JOURNEYMAN	61	9	UNIT_AFFIN_FIRE	1	1	2	2	2	2	0	8	0	70	50	35	30	25	20	40		5
8	CHARACTER_NEIMI	Neimi	CLASS_ARCHER_F	26	10	UNIT_AFFIN_FIRE	1	0	1	2	2	0	2	4	0	55	45	50	60	15	35	50	CA_FEMALE	7
9	CHARACTER_COLM	Colm	CLASS_THIEF	13	12	UNIT_AFFIN_LIGHT	2	2	1	3	1	1	1	8	0	75	40	40	65	25	20	45		0
10	CHARACTER_GARCIA	Garcia	CLASS_FIGHTER	63	14	UNIT_AFFIN_FIRE	4	8	3	5	3	3	1	3	3	80	65	40	20	25	15	40		1
11	CHARACTER_INNES	Innes	CLASS_SNIPER	27	15	UNIT_AFFIN_ICE	1	10	7	7	10	5	7	14	1	75	40	40	45	20	25	45		0
12	CHARACTER_LUTE	Lute	CLASS_MAGE_F	38	16	UNIT_AFFIN_ANIMA	1	1	5	3	5	1	1	8	0	45	65	30	45	15	40	45	CA_FEMALE	7
13	CHARACTER_NATASHA	Natasha	CLASS_CLERIC	74	17	UNIT_AFFIN_ICE	1	2	1	2	6	2	0	6	0	50	60	25	40	15	55	60	CA_FEMALE	10
14	CHARACTER_CORMAG	Cormag	CLASS_WYVERN_RIDER	31	19	UNIT_AFFIN_FIRE	9	10	7	6	5	4	2	4	1	85	55	40	45	25	15	35		0
15	CHARACTER_EPHRAIM	Ephraim	CLASS_EPHRAIM_LORD	1	20	UNIT_AFFIN_FIRE	4	5	2	3	4	1	2	8	0	80	55	55	45	35	25	50		3
16	CHARACTER_FORDE	Forde	CLASS_CAVALIER	5	22	UNIT_AFFIN_WIND	5	4	2	6	3	2	2	7	0	85	40	50	45	20	25	35		3
17	CHARACTER_KYLE	Kyle	CLASS_CAVALIER	5	24	UNIT_AFFIN_ICE	6	5	4	4	2	3	1	6	1	90	50	40	40	25	20	20		3
18	CHARACTER_AMELIA	Amelia	CLASS_RECRUIT	71	25	UNIT_AFFIN_THUNDER	1	3	1	3	3	2	2	6	0	60	35	40	40	30	15	50	CA_FEMALE	7
19	CHARACTER_ARTUR	Artur	CLASS_MONK	68	26	UNIT_AFFIN_ICE	2	1	5	5	6	1	1	2	0	55	50	50	40	15	55	25		0
20	CHARACTER_GERIK	Gerik	CLASS_MERCENARY	15	27	UNIT_AFFIN_THUNDER	10	14	10	5	5	6	4	8	4	90	45	40	30	35	25	30		4
21	CHARACTER_TETHYS	Tethys	CLASS_DANCER	77	28	UNIT_AFFIN_FIRE	1	4	0	0	5	5	3	10	1	85	5	10	70	30	75	80	CA_FEMALE	7
22	CHARACTER_MARISA	Marisa	CLASS_MYRMIDON_F	20	30	UNIT_AFFIN_ICE	5	8	4	3	3	3	2	9	0	75	30	55	60	15	25	50	CA_FEMALE	12
23	CHARACTER_SALEH	Saleh	CLASS_SAGE	39	32	UNIT_AFFIN_WIND	2	10	11	14	10	3	8	11	1	50	30	25	40	30	35	40		6
24	CHARACTER_EWAN	Ewan	CLASS_PUPIL	62	33	UNIT_AFFIN_LIGHT	2	2	2	2	4	0	0	5	0	50	45	40	35	15	40	50		5
25	CHARACTER_LARACHEL	Larachel	CLASS_TROUBADOUR	75	34	UNIT_AFFIN_LIGHT	3	3	5	5	7	3	3	12	0	45	50	45	45	15	50	65	CA_FEMALE	11
26	CHARACTER_DOZLA	Dozla	CLASS_BERSERKER	67	35	UNIT_AFFIN_THUNDER	1	19	9	5	2	5	6	4	3	85	50	35	40	30	25	30		4
28	CHARACTER_RENNAC	Rennac	CLASS_ROGUE	51	36	UNIT_AFFIN_DARK	1	12	7	15	8	7	11	5	0	65	25	45	60	25	30	25		0
29	CHARACTER_DUESSEL	Duessel	CLASS_GREAT_KNIGHT	53	37	UNIT_AFFIN_ANIMA	8	20	9	8	6	6	6	8	2	85	55	40	30	45	30	20		4
30	CHARACTER_MYRRH	Myrrh	CLASS_MANAKETE_MYRRH	60	38	UNIT_AFFIN_WIND	1	3	3	1	3	0	5	3	0	130	90	85	65	150	30	30	CA_FEMALE	12
31	CHARACTER_KNOLL	Knoll	CLASS_SHAMAN	45	41	UNIT_AFFIN_DARK	9	5	10	8	6	0	6	0	0	70	50	40	35	10	45	20		3
32	CHARACTER_JOSHUA	Joshua	CLASS_MYRMIDON	19	42	UNIT_AFFIN_WIND	5	8	4	4	5	3	2	7	0	80	35	55	55	20	20	30		3
33	CHARACTER_SYRENE	Syrene	CLASS_FALCON_KNIGHT	73	43	UNIT_AFFIN_THUNDER	1	7	6	6	8	5	8	12	1	70	40	50	60	20	50	30	CA_FEMALE | CA_TRIANGLEATTACK_PEGASI	10
34	CHARACTER_TANA	Tana	CLASS_PEGASUS_KNIGHT	72	44	UNIT_AFFIN_WIND	4	6	3	4	8	3	5	8	0	65	45	40	65	20	25	60	CA_FEMALE | CA_TRIANGLEATTACK_PEGASI	10
35	CHARACTER_LYON_CC	Lyon Cc	CLASS_NECROMANCER	79	70	UNIT_AFFIN_ICE	14	26	13	9	6	14	11	4	0	85	50	55	55	45	55	30		0
36	CHARACTER_ORSON_CC	Orson Cc	CLASS_PALADIN	7	69	UNIT_AFFIN_DARK	13	25	11	11	7	6	8	6	1	80	55	45	40	45	30	25		0
37	CHARACTER_GLEN_CC	Glen Cc	CLASS_WYVERN_LORD	33	75	UNIT_AFFIN_WIND	12	21	11	12	6	8	4	7	1	85	45	50	45	35	40	20		0
38	CHARACTER_SELENA_CC	Selena Cc	CLASS_MAGE_KNIGHT_F	42	63	UNIT_AFFIN_THUNDER	11	19	10	8	10	8	11	10	0	85	40	55	40	20	30	25	CA_FEMALE	0
39	CHARACTER_VALTER_CC	Valter Cc	CLASS_WYVERN_KNIGHT	35	66	UNIT_AFFIN_ICE	13	25	12	10	9	6	11	3	1	80	40	55	50	20	20	15		0
40	CHARACTER_RIEV_CC	Riev Cc	CLASS_BISHOP	43	72	UNIT_AFFIN_DARK	16	28	10	17	15	13	10	9	0	75	45	50	40	20	45	15		0
41	CHARACTER_CAELLACH_CC	Caellach Cc	CLASS_HERO	17	67	UNIT_AFFIN_THUNDER	12	25	13	5	3	7	11	14	2	85	50	45	45	30	20	20		0
42	CHARACTER_FADO_CC	Fado Cc	CLASS_GENERAL	11	81	UNIT_AFFIN_FIRE	11	25	12	10	9	5	8	5	3	85	55	40	30	45	25	25		0
43	CHARACTER_ISMAIRE_CC	Ismaire Cc	CLASS_SWORDMASTER_F	22	86	UNIT_AFFIN_WIND	9	14	10	9	11	4	12	12	0	75	30	60	55	20	25	30	CA_FEMALE	0
44	CHARACTER_HAYDEN_CC	Hayden Cc	CLASS_RANGER	29	82	UNIT_AFFIN_ANIMA	10	16	10	8	8	6	9	17	1	70	40	45	45	25	25	40		0
59	CHARACTER_SUMMON_LYON	Summon Lyon	CLASS_PALADIN	7	0	UNIT_AFFIN_DARK	1	0	3	2	3	0	0	20	0	0	60	45	30	0	0	60		0
62	CHARACTER_SUMMON_KNOLL	Summon Knoll	CLASS_PALADIN	7	0	UNIT_AFFIN_DARK	1	0	2	1	2	0	0	10	0	0	50	50	40	0	0	55		0
63	CHARACTER_SUMMON_EWAN	Summon Ewan	CLASS_PALADIN	7	0	UNIT_AFFIN_DARK	1	0	1	2	1	0	0	0	0	0	70	40	20	0	0	40		0
64	CHARACTER_LYON	Lyon	CLASS_NECROMANCER	79	74	UNIT_AFFIN_ICE	14	26	13	9	6	14	11	4	0	85	50	55	55	45	55	30	CA_BOSS	0
65	CHARACTER_MORVA	Morva	CLASS_MANAKETE_2	59	0	UNIT_AFFIN_WIND	18	42	16	10	11	3	7	7	0	150	100	90	70	160	80	30	CA_BOSS	0
66	CHARACTER_ORSON_CH5X	Orson Ch5X	CLASS_PALADIN	7	69	UNIT_AFFIN_DARK	3	11	8	9	4	5	4	4	1	80	55	45	40	45	30	25	CA_BOSS	0
67	CHARACTER_VALTER	Valter	CLASS_WYVERN_KNIGHT	35	66	UNIT_AFFIN_ICE	13	25	12	10	9	6	11	3	1	80	40	55	50	20	20	15	CA_BOSS	0
68	CHARACTER_SELENA	Selena	CLASS_MAGE_KNIGHT_F	42	63	UNIT_AFFIN_THUNDER	11	19	10	8	10	8	11	10	0	85	40	55	40	20	30	25	CA_FEMALE | CA_BOSS	0
69	CHARACTER_VALTER_PROLOGUE	Valter Prologue	CLASS_WYVERN_KNIGHT	35	66	UNIT_AFFIN_ICE	5	14	6	7	6	3	5	2	1	85	50	10	10	10	15	30	CA_BOSS	0
70	CHARACTER_BREGUET	Breguet	CLASS_ARMOR_KNIGHT	9	49	UNIT_AFFIN_THUNDER	4	3	3	0	1	0	0	2	0	85	50	10	10	10	15	30	CA_BOSS	0
71	CHARACTER_BONE	Bone	CLASS_BRIGAND	65	50	UNIT_AFFIN_ICE	4	3	1	3	0	1	0	0	0	85	50	10	10	10	15	30	CA_BOSS	0
72	CHARACTER_BAZBA	Bazba	CLASS_BRIGAND	65	51	UNIT_AFFIN_FIRE	6	5	3	4	2	2	2	1	0	85	50	10	10	10	15	30	CA_BOSS	0
73	CHARACTER_ENTOUMBED_CH4	Entoumbed Ch4	CLASS_ENTOUMBED	83	0	UNIT_AFFIN_DARK	6	0	0	0	0	0	0	0	0	85	50	10	10	10	15	30	CA_BOSS	0
74	CHARACTER_SAAR	Saar	CLASS_ARMOR_KNIGHT	9	52	UNIT_AFFIN_ANIMA	8	13	6	5	3	2	3	4	0	85	50	10	10	10	15	30	CA_BOSS	0
75	CHARACTER_NOVALA	Novala	CLASS_SHAMAN	45	54	UNIT_AFFIN_FIRE	10	12	8	7	4	3	5	7	0	85	50	10	10	10	15	30	CA_BOSS	0
76	CHARACTER_MURRAY	Murray	CLASS_CAVALIER	5	55	UNIT_AFFIN_LIGHT	12	12	3	7	5	1	6	7	0	85	50	10	10	10	15	30	CA_BOSS	0
77	CHARACTER_TIRADO	Tirado	CLASS_GENERAL	11	56	UNIT_AFFIN_ANIMA	1	19	5	4	2	1	5	2	0	85	50	10	10	10	15	30	CA_BOSS	0
78	CHARACTER_BINKS	Binks	CLASS_WARRIOR	64	57	UNIT_AFFIN_DARK	5	14	8	5	2	7	8	3	0	85	50	10	10	10	15	30	CA_BOSS	0
79	CHARACTER_PABLO	Pablo	CLASS_SAGE	39	58	UNIT_AFFIN_ICE	7	16	8	5	8	2	12	9	0	85	50	25	35	15	15	30	CA_BOSS	0
81	CHARACTER_AIAS	Aias	CLASS_GREAT_KNIGHT	53	59	UNIT_AFFIN_ANIMA	10	25	10	7	4	8	9	11	1	85	50	35	35	25	15	30	CA_BOSS	0
82	CHARACTER_CARLYLE	Carlyle	CLASS_SWORDMASTER	21	60	UNIT_AFFIN_FIRE	11	20	6	6	8	4	8	8	0	85	65	10	10	20	20	30	CA_BOSS	0
83	CHARACTER_CAELLACH	Caellach	CLASS_HERO	17	67	UNIT_AFFIN_THUNDER	12	25	13	5	3	7	11	14	2	85	50	45	45	30	20	20	CA_BOSS	0
84	CHARACTER_PABLO_2	Pablo 2	CLASS_SAGE	39	58	UNIT_AFFIN_ICE	7	14	8	5	8	2	12	9	0	85	50	10	10	10	15	30		0
87	CHARACTER_RIEV	Riev	CLASS_BISHOP	43	72	UNIT_AFFIN_DARK	16	28	10	17	15	13	10	9	0	75	45	50	40	20	45	15	CA_BOSS	0
90	CHARACTER_GHEB	Gheb	CLASS_WARRIOR	64	61	UNIT_AFFIN_THUNDER	5	17	10	3	0	8	5	1	3	85	50	10	10	10	15	30	CA_BOSS	0
91	CHARACTER_BERAN	Beran	CLASS_RANGER	29	62	UNIT_AFFIN_ICE	7	22	8	7	7	8	9	6	0	85	50	35	35	25	15	30	CA_BOSS	0
102	CHARACTER_BANDIT_CH5	Bandit Ch5	CLASS_BRIGAND	65	76	UNIT_AFFIN_THUNDER	1	2	2	2	2	2	2	2	0	60	20	30	35	15	15	25		0
104	CHARACTER_ONEILL	Oneill	CLASS_FIGHTER	63	48	UNIT_AFFIN_FIRE	4	3	1	2	3	0	0	0	0	85	50	10	10	10	15	30	CA_BOSS	0
105	CHARACTER_GLEN	Glen	CLASS_WYVERN_LORD	33	75	UNIT_AFFIN_WIND	12	21	11	12	6	8	4	7	1	85	50	10	10	10	15	30	CA_BOSS	0
106	CHARACTER_ZONTA	Zonta	CLASS_MERCENARY	15	53	UNIT_AFFIN_LIGHT	8	7	5	0	1	2	6	4	0	85	50	10	10	10	15	30	CA_BOSS	0
107	CHARACTER_VIGARDE	Vigarde	CLASS_GENERAL	11	64	UNIT_AFFIN_ANIMA	13	31	13	10	8	7	9	9	2	85	50	10	10	10	15	30	CA_BOSS	0
108	CHARACTER_LYON_FINAL	Lyon Final	CLASS_NECROMANCER	79	74	UNIT_AFFIN_ICE	18	55	20	15	10	23	21	9	0	60	20	30	35	15	15	25	CA_BOSS	0
109	CHARACTER_ORSON	Orson	CLASS_PALADIN	7	68	UNIT_AFFIN_DARK	13	25	11	11	7	6	8	6	1	60	20	30	35	15	15	25	CA_BOSS	0
131	CHARACTER_SOLDIER_83	Soldier 83	CLASS_SOLDIER	78	0		1	0	0	0	0	0	0	0	0	60	20	30	35	15	15	25		0
186	CHARACTER_MONSTER_BA	Monster Ba	CLASS_GORGONEGG	98	0	UNIT_AFFIN_DARK	1	0	0	0	0	0	0	0	0	100	0	0	0	0	0	0		0
190	CHARACTER_FOMORTIIS	Fomortiis	CLASS_DEMON_KING	102	0	UNIT_AFFIN_DARK	20	0	0	0	0	0	0	10	0	60	20	30	35	15	15	25	CA_BOSS	0
192	CHARACTER_FRELIAN	Frelian	CLASS_MYRMIDON	19	0		1	0	0	0	0	0	0	0	0	85	40	50	45	25	25	20		0
197	CHARACTER_FADO	Fado	CLASS_SAGE	39	81	UNIT_AFFIN_FIRE	5	13	8	6	8	2	12	10	3	85	40	50	45	25	25	20		0
199	CHARACTER_HAYDEN	Hayden	CLASS_PEER	115	82	UNIT_AFFIN_ANIMA	1	0	0	0	0	0	0	0	1	85	40	50	45	25	25	20		0
200	CHARACTER_MANSEL	Mansel	CLASS_PONTIFEX	122	83	UNIT_AFFIN_LIGHT	17	11	11	3	2	5	8	17	0	85	40	50	45	25	25	20		0
201	CHARACTER_KLIMT	Klimt	CLASS_BISHOP	43	84	UNIT_AFFIN_ANIMA	1	0	0	0	0	0	0	0	0	85	40	50	45	25	25	20		0
202	CHARACTER_DARA	Dara	CLASS_DRUID	47	85	UNIT_AFFIN_DARK	1	0	0	0	0	0	0	0	0	85	40	50	45	25	25	20		0
203	CHARACTER_ISMAIRE	Ismaire	CLASS_QUEEN	116	86	UNIT_AFFIN_WIND	4	14	10	9	11	4	12	12	0	75	30	60	55	20	25	30	CA_FEMALE	0
204	CHARACTER_MESSENGER	Messenger	CLASS_PEGASUS_KNIGHT	72	105	UNIT_AFFIN_WIND	1	3	2	2	5	0	2	7	0	85	40	50	45	25	25	20	CA_FEMALE	0
252	CHARACTER_CITIZEN	Citizen	CLASS_CIVILIAN_M3	113	0		1	0	0	0	0	2	0	0	0	85	25	60	10	15	15	25		3
253	CHARACTER_ARENA_OPPONENT	Arena Opponent	CLASS_BRIGAND	65	0		0	0	0	0	0	0	0	0	0	0	0	0	0	0	0	0		0
